Name,Group,Transaction Type,Notes,Transactions,📍 Budget Line Items,Average Expected Spend,Av. Spend
Airtime,Recurring,Expense,,,,,
Allowances,,Income,,,,,
Allowances,Recurring,Expense,,"Transport Lbe-Dla (https://app.notion.com/p/Transport-Lbe-Dla-39a7e487e9d480f2b3b5fe8e01c49bab?pvs=21), New traveling box purchase (https://app.notion.com/p/New-traveling-box-purchase-39a7e487e9d480b0a550f041326dfa32?pvs=21), Biscuit for kids (https://app.notion.com/p/Biscuit-for-kids-39a7e487e9d480a89f1ff5a71ef301b2?pvs=21), Snugfeet gift (https://app.notion.com/p/Snugfeet-gift-39a7e487e9d480359232e4c2ad3fa5fa?pvs=21), Beer for kigali (https://app.notion.com/p/Beer-for-kigali-39a7e487e9d4806fa507f619573c0e13?pvs=21), Limbe gas refill (https://app.notion.com/p/Limbe-gas-refill-39a7e487e9d480f1aa72db17ad384243?pvs=21), Bike runz to chantier (https://app.notion.com/p/Bike-runz-to-chantier-39a7e487e9d4807d8b2ce78f5a9026c5?pvs=21), Daily commute this week (https://app.notion.com/p/Daily-commute-this-week-39a7e487e9d4803fa344f82a55fb0fcc?pvs=21), Milk and overtine refill (https://app.notion.com/p/Milk-and-overtine-refill-39a7e487e9d480a7a781e7156d9a69c3?pvs=21), Vimto (https://app.notion.com/p/Vimto-39a7e487e9d4801aa869f137481de496?pvs=21), Bike charge to charmel (https://app.notion.com/p/Bike-charge-to-charmel-39c7e487e9d4805389efd50963b4abff?pvs=21), New pair of stand smith shoes (https://app.notion.com/p/New-pair-of-stand-smith-shoes-39c7e487e9d4806fb9a7f557a4328fa9?pvs=21), New Surface Pro 10 (https://app.notion.com/p/New-Surface-Pro-10-39c7e487e9d4801c9017e65ddb7f5620?pvs=21), Yango to airport (https://app.notion.com/p/Yango-to-airport-39c7e487e9d48000af1ec4f67e7e8d7b?pvs=21), Cash for Manou (https://app.notion.com/p/Cash-for-Manou-39c7e487e9d480f28258e09237409115?pvs=21)","Wife care (https://app.notion.com/p/Wife-care-39a7e487e9d480a985bee714a1c3a93f?pvs=21), Self Care (https://app.notion.com/p/Self-Care-39a7e487e9d480309ed9d450c5c79211?pvs=21)",75000,384700
Blvrd,Recurring,Income,Income made from logistics business,,,,
Bonuses,Recurring,Income,Quarterly work bonuses for communications,"AIMS hotel expense refund (https://app.notion.com/p/AIMS-hotel-expense-refund-39a7e487e9d480708667d1507c49fa4d?pvs=21), Paid DSA for Kigali trip (https://app.notion.com/p/Paid-DSA-for-Kigali-trip-3a37e487e9d4808d8e9bee1d4867ef8f?pvs=21)",Kigali trip DSA (https://app.notion.com/p/Kigali-trip-DSA-39a7e487e9d48066ad5adbc7d69a8fa8?pvs=21),50000,99180
Car Maintenance,Recurring,Expense,,,,,
Church,Recurring,Expense,Money spent on church related activities like offertory or contributions,,,,
Culture Volt,Recurring,Expense,"This is money used to support or contribute to extended family projects and emergencies ",,,,
DSA,Recurring,Income,Travel allowances from work trips,,,,
Emergency Fund,,Savings,,,,,
Fuel,Recurring,Expense,,,,,
General Savings,,Savings,,,,,
Groceries,Recurring,Expense,,,,,
Housing Dla,One-Off,Expense,Expenses related to running the house in Dla. Not necessarily recurring but could come up multiple times ie house repairs or furniture etc,,"Ceptic tank contributions  (https://app.notion.com/p/Ceptic-tank-contributions-39a7e487e9d4800bb147c2b352605ab6?pvs=21), Plumber (https://app.notion.com/p/Plumber-39a7e487e9d480c2a3dbcef11fcf390c?pvs=21)",10000,0
Investment,,Savings,,,,,
Leisure fund,,Savings,,,,,
Loan Refund,One-Off,Income,Money coming back from loans,,AIMS refund (https://app.notion.com/p/AIMS-refund-39a7e487e9d48035bac5d101674c5c6d?pvs=21),30000,30000
Loans,,Expense,,Cresco (https://app.notion.com/p/Cresco-39c7e487e9d480e0af45d36074e5cb47?pvs=21),Credit scholair (https://app.notion.com/p/Credit-scholair-39c7e487e9d480a5beb2c59b554c5453?pvs=21),2000000,2070000
Loomun,Recurring,Income,Income made from events business,,,,
MTN MoMO to Orange Money,,Transfer,,,,,
MTN MoMO to SGC,,Transfer,,,,,
MTN MoMO to UBA,,Transfer,,,,,
Njangi,Recurring,Savings,,,"Njangi-Monny Man-15/07 (https://app.notion.com/p/Njangi-Monny-Man-15-07-39a7e487e9d480c6a030d0e163efabd6?pvs=21), Njangi-Monny Man-25/07 (https://app.notion.com/p/Njangi-Monny-Man-25-07-39a7e487e9d480d0aed1f5dd690fa906?pvs=21), Njangi - Lando -06/08 (https://app.notion.com/p/Njangi-Lando-06-08-39a7e487e9d4803f9380eeeacfd283eb?pvs=21), Njangi - Blondel - 16/08 (https://app.notion.com/p/Njangi-Blondel-16-08-39a7e487e9d48095ab9ef570ba8196fe?pvs=21), Njangi - Blondel - 26/08  (https://app.notion.com/p/Njangi-Blondel-26-08-39a7e487e9d4803196dad3c25720131d?pvs=21), Njangi - Olivia-05/09 (https://app.notion.com/p/Njangi-Olivia-05-09-39a7e487e9d4803a861ee99d4d6841ed?pvs=21), Njangi - Carelle - 15/09 (https://app.notion.com/p/Njangi-Carelle-15-09-39a7e487e9d480a0bed4e3addf37899b?pvs=21), Njangi - Carelle - 25/09 (https://app.notion.com/p/Njangi-Carelle-25-09-39a7e487e9d48044997dc9542de3a78c?pvs=21)",102000,0
Orange Money to MTN MoMO,,Transfer,,,,,
Orange Money to SGC,,Transfer,,,,,
Orange Money to UBA,,Transfer,,,,,
Payroll,Recurring,Expense,,,,,
Project Fund,,Savings,,,,,
Random,Recurring,Expense,Unplanned expenses that fit no specific category,Unrecorded  (https://app.notion.com/p/Unrecorded-39a7e487e9d480d3b55bdbcc8b8cca55?pvs=21),,,
Rents,,Expense,,,,,
Rents,Recurring,Expense,,,Monthly Rents - Dla (https://app.notion.com/p/Monthly-Rents-Dla-39a7e487e9d4803ab6cae3f4a0537c4a?pvs=21),170000,0
Salary,,Income,,,,,
Salary,Recurring,Income,,,,,
SGC to Leader Bag,,Transfer,,,,,
SGC to MTN MoMO,,Transfer,,,,,
SGC to Nkwa App,,Transfer,,,,,
SGC to Orange Money,,Transfer,,,,,
SGC to UBA,,Transfer,,,,,
Socials,Recurring,Expense,Money spent on social events outings etc,Sample  (https://app.notion.com/p/Sample-3b97e487e9d48140bbf3d9dd4a280652?pvs=21),,,
Subscriptions,Recurring,Expense,,Sample transaction (https://app.notion.com/p/Sample-transaction-3b07e487e9d481a8b33eceb44c5caa32?pvs=21),Cable bill Douala (https://app.notion.com/p/Cable-bill-Douala-39a7e487e9d48062b772c7e22c7138de?pvs=21),2000,0
Transport,,Expense,,,,,
UBA to MTN MoMO,,Transfer,,,,,
UBA to Orange Money,,Transfer,,,,,
UBA to SGC,,Transfer,,,,,
UBA to SGC Bali,,Transfer,,,,,
UBA to SGC Limbe,,Transfer,,,,,
Unknown,,Expense,,,,,
Unknown Source,,Income,,,,,
Utilities,,Expense,,,,,