Description,Accounts,Amount,Budget Line Items,Cashflow,Categories,Date,Day,Direction,Month,Portion,Quarters,Tasks,Type,Week,Year
Transport Lbe-Dla,Leader Bag (https://app.notion.com/p/Leader-Bag-3917e487e9d480cba6e0e0292c4f4ea7?pvs=21),6000,Self Care (https://app.notion.com/p/Self-Care-39a7e487e9d480309ed9d450c5c79211?pvs=21),-6000,Allowances (https://app.notion.com/p/Allowances-3917e487e9d480e4a85dd412822d6096?pvs=21),"July 10, 2026",Friday,Outflow,https://app.notion.com/3917e487e9d480869968cb06b4db337b,6,Q3 2026,,Expense,28,2026
New traveling box purchase,Leader Bag (https://app.notion.com/p/Leader-Bag-3917e487e9d480cba6e0e0292c4f4ea7?pvs=21),15000,Self Care (https://app.notion.com/p/Self-Care-39a7e487e9d480309ed9d450c5c79211?pvs=21),-15000,Allowances (https://app.notion.com/p/Allowances-3917e487e9d480e4a85dd412822d6096?pvs=21),"July 10, 2026",Friday,Outflow,https://app.notion.com/3917e487e9d480869968cb06b4db337b,15,Q3 2026,,Expense,28,2026
Biscuit for kids,Leader Bag (https://app.notion.com/p/Leader-Bag-3917e487e9d480cba6e0e0292c4f4ea7?pvs=21),3500,Self Care (https://app.notion.com/p/Self-Care-39a7e487e9d480309ed9d450c5c79211?pvs=21),-3500,Allowances (https://app.notion.com/p/Allowances-3917e487e9d480e4a85dd412822d6096?pvs=21),"July 10, 2026",Friday,Outflow,https://app.notion.com/3917e487e9d480869968cb06b4db337b,3.5,Q3 2026,,Expense,28,2026
Snugfeet gift,MTN MoMO (https://app.notion.com/p/MTN-MoMO-3917e487e9d4808297bde4ea1b7d3d3c?pvs=21),12000,Self Care (https://app.notion.com/p/Self-Care-39a7e487e9d480309ed9d450c5c79211?pvs=21),-12000,Allowances (https://app.notion.com/p/Allowances-3917e487e9d480e4a85dd412822d6096?pvs=21),"July 10, 2026",Friday,Outflow,https://app.notion.com/3917e487e9d480869968cb06b4db337b,12,Q3 2026,,Expense,28,2026
Beer for kigali,Leader Bag (https://app.notion.com/p/Leader-Bag-3917e487e9d480cba6e0e0292c4f4ea7?pvs=21),12000,Self Care (https://app.notion.com/p/Self-Care-39a7e487e9d480309ed9d450c5c79211?pvs=21),-12000,Allowances (https://app.notion.com/p/Allowances-3917e487e9d480e4a85dd412822d6096?pvs=21),"July 10, 2026",Friday,Outflow,https://app.notion.com/3917e487e9d480869968cb06b4db337b,12,Q3 2026,,Expense,28,2026
Limbe gas refill,Leader Bag (https://app.notion.com/p/Leader-Bag-3917e487e9d480cba6e0e0292c4f4ea7?pvs=21),6500,Self Care (https://app.notion.com/p/Self-Care-39a7e487e9d480309ed9d450c5c79211?pvs=21),-6500,Allowances (https://app.notion.com/p/Allowances-3917e487e9d480e4a85dd412822d6096?pvs=21),"July 8, 2026",Wednesday,Outflow,https://app.notion.com/3917e487e9d480869968cb06b4db337b,6.5,Q3 2026,,Expense,28,2026
Bike runz to chantier,Leader Bag (https://app.notion.com/p/Leader-Bag-3917e487e9d480cba6e0e0292c4f4ea7?pvs=21),2500,Self Care (https://app.notion.com/p/Self-Care-39a7e487e9d480309ed9d450c5c79211?pvs=21),-2500,Allowances (https://app.notion.com/p/Allowances-3917e487e9d480e4a85dd412822d6096?pvs=21),"July 10, 2026",Friday,Outflow,https://app.notion.com/3917e487e9d480869968cb06b4db337b,2.5,Q3 2026,,Expense,28,2026
AIMS hotel expense refund,Leader Bag (https://app.notion.com/p/Leader-Bag-3917e487e9d480cba6e0e0292c4f4ea7?pvs=21),30000,AIMS refund (https://app.notion.com/p/AIMS-refund-39a7e487e9d48035bac5d101674c5c6d?pvs=21),30000,Bonuses (https://app.notion.com/p/Bonuses-3917e487e9d480f4bb08ffb257859f59?pvs=21),"July 9, 2026",Thursday,Inflow,https://app.notion.com/3917e487e9d480869968cb06b4db337b,100,Q3 2026,Untitled (https://app.notion.com/p/39c7e487e9d48190bec8e3f87376e32a?pvs=21),Income,28,2026
Daily commute this week,Leader Bag (https://app.notion.com/p/Leader-Bag-3917e487e9d480cba6e0e0292c4f4ea7?pvs=21),2000,Self Care (https://app.notion.com/p/Self-Care-39a7e487e9d480309ed9d450c5c79211?pvs=21),-2000,Allowances (https://app.notion.com/p/Allowances-3917e487e9d480e4a85dd412822d6096?pvs=21),"July 10, 2026",Friday,Outflow,https://app.notion.com/3917e487e9d480869968cb06b4db337b,2,Q3 2026,,Expense,28,2026
Milk and overtine refill,Leader Bag (https://app.notion.com/p/Leader-Bag-3917e487e9d480cba6e0e0292c4f4ea7?pvs=21),4000,Self Care (https://app.notion.com/p/Self-Care-39a7e487e9d480309ed9d450c5c79211?pvs=21),-4000,Allowances (https://app.notion.com/p/Allowances-3917e487e9d480e4a85dd412822d6096?pvs=21),"July 7, 2026",Tuesday,Outflow,https://app.notion.com/3917e487e9d480869968cb06b4db337b,4,Q3 2026,,Expense,28,2026
Mobile data,MTN MoMO (https://app.notion.com/p/MTN-MoMO-3917e487e9d4808297bde4ea1b7d3d3c?pvs=21),1000,Self Care (https://app.notion.com/p/Self-Care-39a7e487e9d480309ed9d450c5c79211?pvs=21),-1000,,"July 10, 2026",Friday,Outflow,https://app.notion.com/3917e487e9d480869968cb06b4db337b,1,Q3 2026,,Expense,28,2026
Vimto,Leader Bag (https://app.notion.com/p/Leader-Bag-3917e487e9d480cba6e0e0292c4f4ea7?pvs=21),1400,Self Care (https://app.notion.com/p/Self-Care-39a7e487e9d480309ed9d450c5c79211?pvs=21),-1400,Allowances (https://app.notion.com/p/Allowances-3917e487e9d480e4a85dd412822d6096?pvs=21),"July 8, 2026",Wednesday,Outflow,https://app.notion.com/3917e487e9d480869968cb06b4db337b,1.4,Q3 2026,,Expense,28,2026
"Unrecorded ",Leader Bag (https://app.notion.com/p/Leader-Bag-3917e487e9d480cba6e0e0292c4f4ea7?pvs=21),15000,Self Care (https://app.notion.com/p/Self-Care-39a7e487e9d480309ed9d450c5c79211?pvs=21),-15000,Random (https://app.notion.com/p/Random-3947e487e9d4802db779cc5fd985ed39?pvs=21),"July 5, 2026",Sunday,Outflow,https://app.notion.com/3917e487e9d480869968cb06b4db337b,15,Q3 2026,,Expense,27,2026
Cresco,SGC Bali (https://app.notion.com/p/SGC-Bali-3917e487e9d4809399efc05a75ff3eb9?pvs=21),2070000,Credit scholair (https://app.notion.com/p/Credit-scholair-39c7e487e9d480a5beb2c59b554c5453?pvs=21),2070000,Loans (https://app.notion.com/p/Loans-39c7e487e9d4802c96b0d7568b9b617f?pvs=21),"July 11, 2026",Saturday,Inflow,https://app.notion.com/3917e487e9d480869968cb06b4db337b,103.5,Q3 2026,,Income,28,2026
Bike charge to charmel,Leader Bag (https://app.notion.com/p/Leader-Bag-3917e487e9d480cba6e0e0292c4f4ea7?pvs=21),5000,Self Care (https://app.notion.com/p/Self-Care-39a7e487e9d480309ed9d450c5c79211?pvs=21),-5000,Allowances (https://app.notion.com/p/Allowances-3917e487e9d480e4a85dd412822d6096?pvs=21),"July 13, 2026",Monday,Outflow,https://app.notion.com/3917e487e9d480869968cb06b4db337b,5,Q3 2026,,Expense,29,2026
New pair of stand smith shoes,Leader Bag (https://app.notion.com/p/Leader-Bag-3917e487e9d480cba6e0e0292c4f4ea7?pvs=21),10000,Self Care (https://app.notion.com/p/Self-Care-39a7e487e9d480309ed9d450c5c79211?pvs=21),-10000,Allowances (https://app.notion.com/p/Allowances-3917e487e9d480e4a85dd412822d6096?pvs=21),"July 11, 2026",Saturday,Outflow,https://app.notion.com/3917e487e9d480869968cb06b4db337b,10,Q3 2026,,Expense,28,2026
New Surface Pro 10,Leader Bag (https://app.notion.com/p/Leader-Bag-3917e487e9d480cba6e0e0292c4f4ea7?pvs=21),650000,Wife care (https://app.notion.com/p/Wife-care-39a7e487e9d480a985bee714a1c3a93f?pvs=21),-650000,Allowances (https://app.notion.com/p/Allowances-3917e487e9d480e4a85dd412822d6096?pvs=21),"July 13, 2026",Monday,Outflow,https://app.notion.com/3917e487e9d480869968cb06b4db337b,1300,Q3 2026,,Expense,29,2026
Yango to airport,Leader Bag (https://app.notion.com/p/Leader-Bag-3917e487e9d480cba6e0e0292c4f4ea7?pvs=21),3500,Self Care (https://app.notion.com/p/Self-Care-39a7e487e9d480309ed9d450c5c79211?pvs=21),-3500,Allowances (https://app.notion.com/p/Allowances-3917e487e9d480e4a85dd412822d6096?pvs=21),"July 11, 2026",Saturday,Outflow,https://app.notion.com/3917e487e9d480869968cb06b4db337b,3.5,Q3 2026,,Expense,28,2026
Cash for Manou,Leader Bag (https://app.notion.com/p/Leader-Bag-3917e487e9d480cba6e0e0292c4f4ea7?pvs=21),20000,Wife care (https://app.notion.com/p/Wife-care-39a7e487e9d480a985bee714a1c3a93f?pvs=21),-20000,Allowances (https://app.notion.com/p/Allowances-3917e487e9d480e4a85dd412822d6096?pvs=21),"July 11, 2026",Saturday,Outflow,https://app.notion.com/3917e487e9d480869968cb06b4db337b,40,Q3 2026,,Expense,28,2026
Paid DSA for Kigali trip,Leader Bag (https://app.notion.com/p/Leader-Bag-3917e487e9d480cba6e0e0292c4f4ea7?pvs=21),99180,Kigali trip DSA (https://app.notion.com/p/Kigali-trip-DSA-39a7e487e9d48066ad5adbc7d69a8fa8?pvs=21),99180,Bonuses (https://app.notion.com/p/Bonuses-3917e487e9d480f4bb08ffb257859f59?pvs=21),"July 14, 2026",Tuesday,Inflow,https://app.notion.com/3917e487e9d480869968cb06b4db337b,198.36,Q3 2026,,Expense,29,2026
Sample transaction,Leader Bag (https://app.notion.com/p/Leader-Bag-3917e487e9d480cba6e0e0292c4f4ea7?pvs=21),6000,,-6000,Subscriptions (https://app.notion.com/p/Subscriptions-3917e487e9d4800cb6dfdce6c43477dd?pvs=21),"August 8, 2026",Saturday,Outflow,,0,,,Expense,32,
"Sample ",UBA (https://app.notion.com/p/UBA-3917e487e9d4805da0e7ced576069f9f?pvs=21),5000,,-5000,Socials (https://app.notion.com/p/Socials-3947e487e9d48021b57accd3819e79f1?pvs=21),"August 10, 2026",Monday,Outflow,,0,,,Expense,33,