Description,Date,Amount,Accounts,Categories,Budget Line Items,Type,Direction,Week,Day,Month,Year,Quarters,Cashflow,Portion,Tasks
Transport Lbe-Dla,"July 10, 2026",6000,Leader Bag (https://app.notion.com/p/Leader-Bag-3917e487e9d480cba6e0e0292c4f4ea7?pvs=21),Allowances (https://app.notion.com/p/Allowances-3917e487e9d480e4a85dd412822d6096?pvs=21),Self Care (https://app.notion.com/p/Self-Care-39a7e487e9d480309ed9d450c5c79211?pvs=21),Expense,Outflow,28,Friday,https://app.notion.com/3917e487e9d480869968cb06b4db337b,2026,Q3 2026,-6000,6,
New traveling box purchase,"July 10, 2026",15000,Leader Bag (https://app.notion.com/p/Leader-Bag-3917e487e9d480cba6e0e0292c4f4ea7?pvs=21),Allowances (https://app.notion.com/p/Allowances-3917e487e9d480e4a85dd412822d6096?pvs=21),Self Care (https://app.notion.com/p/Self-Care-39a7e487e9d480309ed9d450c5c79211?pvs=21),Expense,Outflow,28,Friday,https://app.notion.com/3917e487e9d480869968cb06b4db337b,2026,Q3 2026,-15000,15,
Biscuit for kids,"July 10, 2026",3500,Leader Bag (https://app.notion.com/p/Leader-Bag-3917e487e9d480cba6e0e0292c4f4ea7?pvs=21),Allowances (https://app.notion.com/p/Allowances-3917e487e9d480e4a85dd412822d6096?pvs=21),Self Care (https://app.notion.com/p/Self-Care-39a7e487e9d480309ed9d450c5c79211?pvs=21),Expense,Outflow,28,Friday,https://app.notion.com/3917e487e9d480869968cb06b4db337b,2026,Q3 2026,-3500,3.5,
Snugfeet gift,"July 10, 2026",12000,MTN MoMO (https://app.notion.com/p/MTN-MoMO-3917e487e9d4808297bde4ea1b7d3d3c?pvs=21),Allowances (https://app.notion.com/p/Allowances-3917e487e9d480e4a85dd412822d6096?pvs=21),Self Care (https://app.notion.com/p/Self-Care-39a7e487e9d480309ed9d450c5c79211?pvs=21),Expense,Outflow,28,Friday,https://app.notion.com/3917e487e9d480869968cb06b4db337b,2026,Q3 2026,-12000,12,
Beer for kigali,"July 10, 2026",12000,Leader Bag (https://app.notion.com/p/Leader-Bag-3917e487e9d480cba6e0e0292c4f4ea7?pvs=21),Allowances (https://app.notion.com/p/Allowances-3917e487e9d480e4a85dd412822d6096?pvs=21),Self Care (https://app.notion.com/p/Self-Care-39a7e487e9d480309ed9d450c5c79211?pvs=21),Expense,Outflow,28,Friday,https://app.notion.com/3917e487e9d480869968cb06b4db337b,2026,Q3 2026,-12000,12,
Limbe gas refill,"July 8, 2026",6500,Leader Bag (https://app.notion.com/p/Leader-Bag-3917e487e9d480cba6e0e0292c4f4ea7?pvs=21),Allowances (https://app.notion.com/p/Allowances-3917e487e9d480e4a85dd412822d6096?pvs=21),Self Care (https://app.notion.com/p/Self-Care-39a7e487e9d480309ed9d450c5c79211?pvs=21),Expense,Outflow,28,Wednesday,https://app.notion.com/3917e487e9d480869968cb06b4db337b,2026,Q3 2026,-6500,6.5,
Bike runz to chantier,"July 10, 2026",2500,Leader Bag (https://app.notion.com/p/Leader-Bag-3917e487e9d480cba6e0e0292c4f4ea7?pvs=21),Allowances (https://app.notion.com/p/Allowances-3917e487e9d480e4a85dd412822d6096?pvs=21),Self Care (https://app.notion.com/p/Self-Care-39a7e487e9d480309ed9d450c5c79211?pvs=21),Expense,Outflow,28,Friday,https://app.notion.com/3917e487e9d480869968cb06b4db337b,2026,Q3 2026,-2500,2.5,
AIMS hotel expense refund,"July 9, 2026",30000,Leader Bag (https://app.notion.com/p/Leader-Bag-3917e487e9d480cba6e0e0292c4f4ea7?pvs=21),Bonuses (https://app.notion.com/p/Bonuses-3917e487e9d480f4bb08ffb257859f59?pvs=21),AIMS refund (https://app.notion.com/p/AIMS-refund-39a7e487e9d48035bac5d101674c5c6d?pvs=21),Income,Inflow,28,Thursday,https://app.notion.com/3917e487e9d480869968cb06b4db337b,2026,Q3 2026,30000,100,Untitled (https://app.notion.com/p/39c7e487e9d48190bec8e3f87376e32a?pvs=21)
Daily commute this week,"July 10, 2026",2000,Leader Bag (https://app.notion.com/p/Leader-Bag-3917e487e9d480cba6e0e0292c4f4ea7?pvs=21),Allowances (https://app.notion.com/p/Allowances-3917e487e9d480e4a85dd412822d6096?pvs=21),Self Care (https://app.notion.com/p/Self-Care-39a7e487e9d480309ed9d450c5c79211?pvs=21),Expense,Outflow,28,Friday,https://app.notion.com/3917e487e9d480869968cb06b4db337b,2026,Q3 2026,-2000,2,
Milk and overtine refill,"July 7, 2026",4000,Leader Bag (https://app.notion.com/p/Leader-Bag-3917e487e9d480cba6e0e0292c4f4ea7?pvs=21),Allowances (https://app.notion.com/p/Allowances-3917e487e9d480e4a85dd412822d6096?pvs=21),Self Care (https://app.notion.com/p/Self-Care-39a7e487e9d480309ed9d450c5c79211?pvs=21),Expense,Outflow,28,Tuesday,https://app.notion.com/3917e487e9d480869968cb06b4db337b,2026,Q3 2026,-4000,4,
Mobile data,"July 10, 2026",1000,MTN MoMO (https://app.notion.com/p/MTN-MoMO-3917e487e9d4808297bde4ea1b7d3d3c?pvs=21),,Self Care (https://app.notion.com/p/Self-Care-39a7e487e9d480309ed9d450c5c79211?pvs=21),Expense,Outflow,28,Friday,https://app.notion.com/3917e487e9d480869968cb06b4db337b,2026,Q3 2026,-1000,1,
Vimto,"July 8, 2026",1400,Leader Bag (https://app.notion.com/p/Leader-Bag-3917e487e9d480cba6e0e0292c4f4ea7?pvs=21),Allowances (https://app.notion.com/p/Allowances-3917e487e9d480e4a85dd412822d6096?pvs=21),Self Care (https://app.notion.com/p/Self-Care-39a7e487e9d480309ed9d450c5c79211?pvs=21),Expense,Outflow,28,Wednesday,https://app.notion.com/3917e487e9d480869968cb06b4db337b,2026,Q3 2026,-1400,1.4,
"Unrecorded ","July 5, 2026",15000,Leader Bag (https://app.notion.com/p/Leader-Bag-3917e487e9d480cba6e0e0292c4f4ea7?pvs=21),Random (https://app.notion.com/p/Random-3947e487e9d4802db779cc5fd985ed39?pvs=21),Self Care (https://app.notion.com/p/Self-Care-39a7e487e9d480309ed9d450c5c79211?pvs=21),Expense,Outflow,27,Sunday,https://app.notion.com/3917e487e9d480869968cb06b4db337b,2026,Q3 2026,-15000,15,
Cresco,"July 11, 2026",2070000,SGC Bali (https://app.notion.com/p/SGC-Bali-3917e487e9d4809399efc05a75ff3eb9?pvs=21),Loans (https://app.notion.com/p/Loans-39c7e487e9d4802c96b0d7568b9b617f?pvs=21),Credit scholair (https://app.notion.com/p/Credit-scholair-39c7e487e9d480a5beb2c59b554c5453?pvs=21),Income,Inflow,28,Saturday,https://app.notion.com/3917e487e9d480869968cb06b4db337b,2026,Q3 2026,2070000,103.5,
Bike charge to charmel,"July 13, 2026",5000,Leader Bag (https://app.notion.com/p/Leader-Bag-3917e487e9d480cba6e0e0292c4f4ea7?pvs=21),Allowances (https://app.notion.com/p/Allowances-3917e487e9d480e4a85dd412822d6096?pvs=21),Self Care (https://app.notion.com/p/Self-Care-39a7e487e9d480309ed9d450c5c79211?pvs=21),Expense,Outflow,29,Monday,https://app.notion.com/3917e487e9d480869968cb06b4db337b,2026,Q3 2026,-5000,5,
New pair of stand smith shoes,"July 11, 2026",10000,Leader Bag (https://app.notion.com/p/Leader-Bag-3917e487e9d480cba6e0e0292c4f4ea7?pvs=21),Allowances (https://app.notion.com/p/Allowances-3917e487e9d480e4a85dd412822d6096?pvs=21),Self Care (https://app.notion.com/p/Self-Care-39a7e487e9d480309ed9d450c5c79211?pvs=21),Expense,Outflow,28,Saturday,https://app.notion.com/3917e487e9d480869968cb06b4db337b,2026,Q3 2026,-10000,10,
New Surface Pro 10,"July 13, 2026",650000,Leader Bag (https://app.notion.com/p/Leader-Bag-3917e487e9d480cba6e0e0292c4f4ea7?pvs=21),Allowances (https://app.notion.com/p/Allowances-3917e487e9d480e4a85dd412822d6096?pvs=21),Wife care (https://app.notion.com/p/Wife-care-39a7e487e9d480a985bee714a1c3a93f?pvs=21),Expense,Outflow,29,Monday,https://app.notion.com/3917e487e9d480869968cb06b4db337b,2026,Q3 2026,-650000,1300,
Yango to airport,"July 11, 2026",3500,Leader Bag (https://app.notion.com/p/Leader-Bag-3917e487e9d480cba6e0e0292c4f4ea7?pvs=21),Allowances (https://app.notion.com/p/Allowances-3917e487e9d480e4a85dd412822d6096?pvs=21),Self Care (https://app.notion.com/p/Self-Care-39a7e487e9d480309ed9d450c5c79211?pvs=21),Expense,Outflow,28,Saturday,https://app.notion.com/3917e487e9d480869968cb06b4db337b,2026,Q3 2026,-3500,3.5,
Cash for Manou,"July 11, 2026",20000,Leader Bag (https://app.notion.com/p/Leader-Bag-3917e487e9d480cba6e0e0292c4f4ea7?pvs=21),Allowances (https://app.notion.com/p/Allowances-3917e487e9d480e4a85dd412822d6096?pvs=21),Wife care (https://app.notion.com/p/Wife-care-39a7e487e9d480a985bee714a1c3a93f?pvs=21),Expense,Outflow,28,Saturday,https://app.notion.com/3917e487e9d480869968cb06b4db337b,2026,Q3 2026,-20000,40,
Paid DSA for Kigali trip,"July 14, 2026",99180,Leader Bag (https://app.notion.com/p/Leader-Bag-3917e487e9d480cba6e0e0292c4f4ea7?pvs=21),Bonuses (https://app.notion.com/p/Bonuses-3917e487e9d480f4bb08ffb257859f59?pvs=21),Kigali trip DSA (https://app.notion.com/p/Kigali-trip-DSA-39a7e487e9d48066ad5adbc7d69a8fa8?pvs=21),Expense,Inflow,29,Tuesday,https://app.notion.com/3917e487e9d480869968cb06b4db337b,2026,Q3 2026,99180,198.36,
Sample transaction,"August 8, 2026",6000,Leader Bag (https://app.notion.com/p/Leader-Bag-3917e487e9d480cba6e0e0292c4f4ea7?pvs=21),Subscriptions (https://app.notion.com/p/Subscriptions-3917e487e9d4800cb6dfdce6c43477dd?pvs=21),,Expense,Outflow,32,Saturday,,,,-6000,0,
"Sample ","August 10, 2026",5000,UBA (https://app.notion.com/p/UBA-3917e487e9d4805da0e7ced576069f9f?pvs=21),Socials (https://app.notion.com/p/Socials-3947e487e9d48021b57accd3819e79f1?pvs=21),,Expense,Outflow,33,Monday,,,,-5000,0,